{
    "accuracy": 0.9885,
    "precision": 0.9885383434094436,
    "recall": 0.9885,
    "f1_score": 0.9884991458924692
}