{
    "accuracy": 0.945,
    "precision": 0.94500976062468,
    "recall": 0.945,
    "f1_score": 0.9450011001100109
}