{
    "accuracy": 0.94,
    "precision": 0.9400762115189868,
    "recall": 0.94,
    "f1_score": 0.9399920171181797
}